{"cameraMode":{"drawMode":0,"name":"Shaded","section":"Shading Mode"},"sceneLighting":false,"audioPlay":false,"sceneViewState":{"m_AlwaysRefresh":false,"showFog":true,"showSkybox":true,"showFlares":true,"showImageEffects":true,"showParticleSystems":true,"showVisualEffectGraphs":true,"m_FxEnabled":true},"in2DMode":false,"pivot":{"x":-0.07849831879138947,"y":0.5542864799499512,"z":2.684597969055176},"rotation":{"x":0.035384129732847217,"y":0.009867987595498562,"z":-0.0003926107892766595,"w":0.9992354512214661},"size":4.110109329223633,"orthographic":false}